id,uuid,title,author,is_available
1,f28b1cbc-243a-42c7-8e12-531f753085dc,Big Momma's House 2,Costanza Radnedge,true
2,e8a3711a-0928-4946-a388-2dd19029793d,Last Days of Mussolini (Mussolini: Ultimo atto),Armstrong Roscoe,true
3,45645e41-52b0-44eb-93b3-83098f968706,"Atlantis, the Lost Continent",Cacilie Faraday,true
4,35e883b4-e92b-42e9-a1b4-0aeb80587e61,Unconquered,Lalo Cominetti,true
5,3e5d75ac-e56a-4a7e-8505-d85d3ae4ec99,Primary Colors,Belle Benn,true
6,84b88552-34ea-4057-957d-120e99a2fc53,Christmas in Conway,Phaedra Buist,true
7,31f9514d-411d-46bb-bb05-c9be2f3f55a2,xXx: State of the Union,Egor Albin,true
8,307d3c61-ef89-4c5f-be45-29754dc4bf98,Cold Souls,Karim Somerfield,true
9,9142b6a3-0e61-45c5-969a-88eb6953be03,Mother Joan of the Angels (Matka Joanna od aniolów),Emmerich O' Culligan,true
10,146a3cfd-68d9-4949-975c-bd740f509147,"Ref, The",Letti Swaysland,true
11,d37257a8-d972-4edc-b49b-c7c6db9430a5,Non-Stop,Jedd Storror,true
12,007f6c19-c1ac-4c61-854d-ea1953919dea,Harry and the Hendersons,Carolyne Langrick,true
13,706ae67f-8f17-4ffc-af73-44990d2009e7,"Monkey's Mask, The",Wandie Foard,true
14,7bc380d1-e881-47e8-9762-4bcd9511ad2c,"House on the Edge of the Park, The (Casa sperduta nel parco, La)",Sheff Mallabon,true
15,e31233fc-028c-433d-aa5c-0f6461385a2f,Girls! Girls! Girls!,Willard Likly,true
16,9b55c0ca-0b24-4169-8c9a-0d4b5746c256,Stray Dog (Nora inu),Ibby De Blasio,true
17,b1c4b557-ece9-47bc-8bef-ebd9eb2a7e8e,"Temptress, The",Pierrette Casely,true
18,f0e50bc8-bfba-4757-9ae0-3c8704eca615,"Billy Two Hats (Lady and the Outlaw, The)",Angelita Spry,true
19,b271a0c3-1bfe-426a-b657-0894b665cb8e,Horton Hears a Who!,Nerta Stonebanks,true
20,4b409c04-d73d-4485-b4b4-60b0d2d4bc92,Aziz Ansari: Live at Madison Square Garden,Scotty Vogt,true
21,c8359295-44d5-43dc-b752-7b802d0bd454,Accomplices (Complices),Zack Anderson,true
22,b199e89d-9bf6-4f6e-83c3-e838466ff1cc,Veronica Mars,Myranda Rule,true
23,bb5b2e45-0d91-4006-9f2c-4d95b74c159f,Untraceable,Ardra Shiel,true
24,693dd1a4-e31f-4c52-b25e-4776cde06e8f,"Cutting Edge, The",Hube Darrel,true
25,ca87b1b2-6c8a-4564-bdca-02149333877c,Phone Call from a Stranger,Jackie Wigfall,true
26,745e408e-8677-4e5a-934a-99ca8f0a93ae,"Wipers Times, The",Danice Becconsall,true
27,d2ed4ea6-3f48-447a-bbf7-7b66794e747c,Distant Drums,Loutitia Renzullo,true
28,f8d46979-b1b9-46bf-95be-53d53f043775,Playing 'In the Company of Men' (En jouant 'Dans la compagnie des hommes'),Kim Colville,true
29,e4811d63-60f9-4e53-ba73-52a130e0b245,Dona Flor and Her Two Husbands (Dona Flor e Seus Dois Maridos),Brodie Pillans,true
30,c8e9aaa0-864e-4e78-9d33-07c30b8d4164,Warren Oates: Across the Border,Natasha Gogan,true
31,de56832e-9be2-4b6b-a6a3-6b359d3405b2,Disney Princess Collection: Jasmine's Enchanted Tales: Jasmine's Wish,Alanna Mallam,true
32,53531a10-07ce-4a2b-bc6c-63959dd59a9b,1971,Logan Honack,true
33,e4e2efc2-4be2-4e35-8481-9426180ee4ae,Spanish Fly,Idelle Asals,true
34,37c2153d-7908-419e-a4d8-638301624f28,"Love God?, The",Lanita Danks,true
35,a57fe3ec-1f87-4452-8dac-f153df61b407,On the Road,Olive Hawken,true
36,53d65e4a-511a-4ec1-ba35-db19f8e02b4f,Blind Chance (Przypadek),Caz Stellino,true
37,0eaa57cf-4731-474b-8923-86cf546c60b4,Total Eclipse,Matti Loveredge,true
38,6c549022-b23b-4c50-971b-878f3b94000b,Behind Enemy Lines,Judie Hargrove,true
39,1d2338ad-4a51-46a1-842f-8c409b5b8847,For Love of the Game,Tally Kobisch,true
40,b9d88e0e-083c-493e-91cf-7af6d1329d91,Elsewhere,Christi Baert,true
41,71f0bbf1-b61e-4840-9b67-728a96190a87,Bye-Bye,Celine Cline,true
42,5afd2674-6762-43ae-8065-82791142a9d9,Bring It On,Aryn Kaines,true
43,d11c6bd4-cd55-4242-8914-35324623698b,Back Door to Hell,Maud Crutchley,true
44,0f10e1aa-db6a-488c-b872-ac6cc97169d2,Captivated,Kiel Rainbird,true
45,c7f55465-2103-43df-8ab7-538c1c2a8ad4,Shepard & Dark,Dillon Berardt,true
46,d696e75e-392a-41f4-8065-e475c6afdb93,"Boy Who Could Fly, The",Adella Stenning,true
47,5f896e40-265c-47a7-a483-39824b8d05d3,"Insider, The",Marlane McLeoid,true
48,31a16478-c097-4993-b4c3-367f80d56494,Sin Retorno,Dory O'Neil,true
49,d61d1083-9e8d-4232-847c-e8b53830577c,Feast of July,Neely Feavearyear,true
50,fffd7952-95cc-4a4e-a8cc-ea8b042cbd90,Werner - Gekotzt wird später,Phyllys Quillinane,true